name,avgs,bpas,ratio
Oscar Sánchez Najarro,11,6,1.011
Thomas Schmidt,25,3,1.011
Dmitry Shelomencev,14,4,1.012
Alejandro Isaza,13,2,1.012
Pedro Santos Guimarães,28,5,1.013
Michael Gottlieb,15,5,1.013
Will Belote,11,3,1.013
Brandon Harris,12,6,1.013
Xu Wang (王旭),11,4,1.014
Freddy Fernández Córdova,12,3,1.014
Jorge Rafael Castañeda Sánchez,19,4,1.014
Kaito Mori (森海斗),15,6,1.014
Valentin Havlovec,11,1,1.015
Jorge Adrian Hernández Dionicio,11,2,1.015
Chongshun Li (李崇顺),12,4,1.015
Lauri Korhonen,18,8,1.015
Vito Kosasih (高耀梁),17,3,1.016
Rami Sbahi,31,5,1.016
Gustavo Silva Sousa,11,3,1.016
Yongtao Sun (孙永涛),12,4,1.016
Abhimanyu Singhal,12,3,1.016
Anderson Ortegón Gómez,12,4,1.017
Andrey Lopez Rodríguez,12,3,1.017
Juan Andres Ruiz Polo,25,5,1.017
Emily Wang,13,3,1.017
Abril Andrea Arizaca Benique,11,4,1.017
Chenxi Shan (单晨曦),12,3,1.017
Travis Burkett,12,4,1.017
Martin Kraut,16,3,1.017
Edoardo Disarò,20,7,1.017
Maxim Onushkin,26,4,1.017
Yu Nakajima (中島悠),12,3,1.017
Christoph Prasch,12,2,1.017
Kate Grahame,21,5,1.017
Bingliang Li (李炳良),14,3,1.018
Mikołaj Dorosiński,12,4,1.018
Chris Wall,37,9,1.018
Constantin Lüske,16,2,1.018
Ragavan Ravi,11,1,1.018
Taine Cassar,11,2,1.018
Sandeep Rajaram,12,4,1.018
Muhammad Ammar Aufa B. Rosman,13,3,1.018
Michael Kristel,15,5,1.018
Noah Kraft,19,5,1.018
András Szigeti,11,3,1.018
Christian Schiøtt,11,2,1.018
Eddy Deturche,20,3,1.018
Daniel Waldir Rodrigues Rosa,12,2,1.018
Alyssa Belle Yu,11,0,1.018
Amiel Engel,17,4,1.018
Jose Polorhenzo Aquino,12,6,1.018
Daniel Ortega Pastor,16,2,1.019
Justin Gou,17,4,1.019
Maciej Lyer,23,4,1.019
Max Day,12,1,1.019
Yun-Rui Chiang (江昀叡),23,6,1.019
Vicente Astroza,14,5,1.019
Enzo Mattos,19,5,1.019
Maddie Clemmons,13,2,1.019
Darko Zakelšek,18,4,1.019
Kyle McDonald Trejos,12,2,1.019
Taras Voitovych (Тарас Войтович),11,3,1.019
Richard Espinosa,20,7,1.019
Dagne Poveda,13,4,1.019
Leonardo José Hilario Cori,11,2,1.019
Jakob Fiechter,12,1,1.019
Arvid Sandström,14,3,1.019
Yannick Balsiger,15,1,1.019
Mohammad Ibnu Sabilillah,17,3,1.019
Andrea Lo Sardo,12,5,1.019
Vincent Colin,11,3,1.019
Felipe Cardim,12,2,1.019
Oliver Wheat,12,3,1.019
Michael Muething,15,2,1.019
Konstantin Jaehne,15,3,1.02
Adrián Martínez Macías,20,0,1.02
Haowei Fan (樊浩玮),16,6,1.02
Luboš Bartík,15,3,1.02
Carsten Matheus,18,4,1.02
Henry Helmuth,23,5,1.02
Dominik Vidaković,27,6,1.02
Damián Campos,26,4,1.02
Hubert Kwasigroch,14,2,1.02
Gerson Marcelo Nuñez Huanuiri,13,3,1.02
Chenghao Guo (国成浩),13,4,1.02
Yanfeng Zhu (朱艳枫),13,2,1.02
Stefan Pochmann,14,4,1.02
Francisco Thales Rocha Sousa,15,5,1.02
Dalton Padgett,17,1,1.02
David Woner,17,2,1.02
Michael (謝富亦),19,4,1.021
Stefania Petcu,20,4,1.021
Jonathan Charlesworth,31,9,1.021
Roan Paone,21,4,1.021
Melwin Andersson,13,1,1.021
Emric Månsson,15,4,1.021
Daniel Mullen,38,7,1.021
Jode Brewster,18,4,1.021
Celine Tran,15,3,1.021
Alex Walker,12,1,1.021
Georgy Vershinin,11,2,1.021
Marie Vincent,28,6,1.021
Szymon Malinowski,42,10,1.021
Velidi Venkata Jagan Mohana Murali Krishna,26,3,1.021
Alexandru Constantin Stoica,14,2,1.021
Vladislavs Baranovs,14,2,1.021
Asier González Santocildes,11,2,1.021
Wataru Hashimura (端村航),30,5,1.021
Cale Schoon,21,4,1.021
Victor Rafael Ortiz Villaseñor,22,4,1.021
Juan Pablo Silvera Prieto,11,2,1.021
Genaro Sahib Leguizamon,14,2,1.021
Roberts Dreijers,14,2,1.021
Simone Ohler,33,6,1.021
Mark Ostrom,17,3,1.021
Jonathan Tan Wei Xiat,25,3,1.021
James Gonsalves,22,3,1.021
Pingdong Liang (梁平东),14,2,1.021
Josué Esteban Bacilio Chicoma,22,2,1.021
Andres Flügel,11,2,1.021
Thomas Valles,15,3,1.021
Jack Manzo,19,4,1.021
Jacob Chambers,30,6,1.021
Joshua Santiago Monterrosa Herrera,15,1,1.021
Andreas Wagner,15,2,1.021
Augusto Rosa Esteves,16,2,1.021
Hua-Ting Lee (李華庭),32,5,1.021
Alexander Montoya,12,2,1.021
Andrey da Conceição Santos,15,2,1.022
Grégoire Gsell,15,4,1.022
Karen Tu,17,2,1.022
Thibaud Ou,12,5,1.022
William Jensen,24,5,1.022
Chun-Ting Liu (劉淳庭),12,1,1.022
Ronald Fernando Remuzgo Salazar,11,2,1.022
Kristiāns Pietkuns,15,3,1.022
Seyyed Mohammad Hossein Fatemi (سید محمد حسین فاطمی),11,3,1.022
Kuo-Hau Wu (吳國豪),15,3,1.022
Chetan Roger Dhanjal,31,6,1.022
Can Gücüyener,13,3,1.022
Dana Yi,57,10,1.022
Henrik Buus Aagaard,18,5,1.022
Karina Grandjean Beck,74,12,1.022
Darren Siew Ee Yaang (蕭奕暘),59,11,1.022
Dylan Raymond,11,1,1.022
Manuel Aleandro Chang Pérez,14,2,1.022
José David Castiblanco Marin,17,2,1.022
Leon Achata,20,3,1.022
David Ruscalleda Gómez,14,2,1.022
Alaik Bhatia,22,6,1.022
Daniel Grabski,37,8,1.022
Carlos Méndez García-Barroso,40,8,1.022
Lucas Ichiro Yunomae,28,5,1.022
Daniel Hayes,19,2,1.022
Ari Randers-Pehrson,11,3,1.022
Xinrui Li (李昕蕊),24,5,1.022
Bart Sekulski,21,6,1.022
Xiaobin Rui (芮晓彬),16,3,1.022
Firstian Fushada (符逢城),27,3,1.022
Yuxuan Chen (陈雨璇),24,5,1.022
Jose Antonio Campero Morales,13,1,1.022
Vishal Mohanraju,12,1,1.022
Dhruv Suresh,13,3,1.022
Steve Greer,13,2,1.022
Jorge Miguel Trigo,12,2,1.022
Leo Högh,14,4,1.022
Aolin Tang (唐奥林),15,4,1.023
Zhiyuan Liao (廖智远),17,5,1.023
Jernej Omulec,35,6,1.023
Lucas Wesche,31,6,1.023
Riley Woo,38,6,1.023
Egdar Castillo,17,5,1.023
Manuel Popayán,24,3,1.023
Mia Sponseller,28,2,1.023
Piero Gerardo Kaqui Aspajo,12,3,1.023
Simon Blanchard,27,5,1.023
Adrian Walkowiak,30,4,1.023
William Gan Wei Ren (颜伟仁),29,3,1.023
Leonard Wetzel,23,6,1.023
Ianis Costin Chele,14,2,1.023
Tomáš Szyszkowicz,18,1,1.023
Fubo Wang (王富博),12,2,1.023
Mitchell Lane,38,6,1.023
Lucas Déglise,44,6,1.023
Oleg Sechko,17,4,1.023
Ethan Davis,51,3,1.023
Jordi Sebastian Solar Chavez,15,5,1.023
Hari Anirudh,53,8,1.023
Teh Keng Foo (郑庆富),11,2,1.023
Angel Anampa,23,6,1.023
Don Angelo Joson,13,3,1.023
Daniel Sheppard,98,11,1.023
Laurids Abelsen Holm,11,3,1.023
Zhenyu Wang (王振宇),11,1,1.023
Frederico Canal Gomes,12,4,1.023
Sergey Chirin,15,1,1.023
Dylan Baumbach,12,4,1.023
Ramses Amaya,31,3,1.023
Yuuki Kobayashi (古林祐輝),26,5,1.023
Angel Ruano,12,3,1.023
Evan Liu,84,14,1.023
Oscar Watson,13,2,1.023
Walter Felix,19,3,1.023
Edson Bryan Béjar Román,15,3,1.023
Georgiy Titov (Георгій Тітов),37,8,1.023
David Stiven Benitez Guerra,19,3,1.023
Ilona Ansel,26,7,1.023
Dan Pastushkov,11,1,1.023
Chunhao Liu (柳春浩),21,5,1.023
Jorge Castillo Matas,21,5,1.023
Gonzalo Orellana Barrasa,12,1,1.023
Jan Erik Soosaar,12,2,1.023
Juliette Sébastien,91,17,1.024
Peder Steen Henriksen,11,3,1.024
Vladyslav Zhyhailo (Владислав Жигайло),13,2,1.024
Marcos Jacome,11,1,1.024
Robbie Villarica,14,3,1.024
Danny SungIn Park,27,5,1.024
Daniel Yang,14,2,1.024
Rey-Ann Constantino,21,4,1.024
Kevin Matthews,27,4,1.024
Erick Lemus Fuentes,13,1,1.024
Eder Olivencia Gonzalez,34,5,1.024
Louie Jay Quibote,11,5,1.024
Jack Pfeifer,41,7,1.024
Chun-Yu Yang (楊竣宇),16,3,1.024
Priyanshu Kumar,17,2,1.024
Logan McGraw,14,2,1.024
Annika Stein,20,2,1.024
Xiaowei Wang (王晓伟),19,5,1.024
Wilhelm Kilders,61,13,1.024
Zhao-Zhe Zhong (鍾肇哲),60,9,1.024
Lei Wang (汪磊),26,6,1.024
Ramesh Vidyasagar,12,0,1.024
Hao Chang (常皓),14,4,1.024
Victor Wijsman,35,2,1.024
Jakub Drobný,19,1,1.024
Raphaël Pihet,14,3,1.024
Will Wooden,13,2,1.024
Murillo Gomes Otero,15,1,1.024
Chan Hay Yin (陳希言),12,1,1.024
Jorge Augusto Siqueira Pinto,24,5,1.024
Sergio Minaya Pimentel,19,4,1.024
Huan Yuan (袁欢),14,3,1.024
Imants Liepiņš,11,2,1.024
José Garrido,22,5,1.024
François Courtès,75,10,1.024
Stian Nystad Østli,13,3,1.024
Christian Meyer,14,2,1.024
Filip Nilsen,19,5,1.024
Ivan Krueger,14,3,1.024
Muhammad Hariz Bin Azizan,17,2,1.024
Wayne Pi,14,3,1.024
Arkadiusz Abramowski,19,5,1.024
Vyacheslav Kochergin (Вячеслав Кочергин),11,2,1.024
Jose Daniel Cobo Torres,11,2,1.024
Roman Ponikarovskiy,12,2,1.024
Simon Westlund,58,10,1.024
Leandro Martín López,13,2,1.024
Hill Pong Yong Feng,20,3,1.024
Vincent Hartanto Utomo,23,5,1.024
Jane Behrle,17,2,1.024
Noel Yzaguirre,11,4,1.024
Alikhan Yertursyn (Алихан Ертурсын),22,2,1.024
Ben Stokes,25,6,1.024
Jēkabs Janovs,18,4,1.024
Ernie Pulchny,13,2,1.024
Johan Svensson,13,2,1.024
Yannic Waser,11,0,1.024
Samuel Pollom,13,1,1.025
Nikolay Vasilyev,22,2,1.025
Nejc Ian Čurman,24,5,1.025
Alban Reynaud,31,2,1.025
Giovanny Coronado,39,8,1.025
Niclas Mach,14,0,1.025
Zachary Ochs,23,3,1.025
Viljo Elo,20,3,1.025
Jorge Alfageme Sotillos,14,1,1.025
Joshua Feran,91,11,1.025
Vincentiu Tarsoaga,18,1,1.025
Chung-Han Hsu (許鍾瀚),29,6,1.025
Zhengyin Chen (陈正胤),12,1,1.025
Matthew Sheerin,12,2,1.025
Niko Ronkainen,22,5,1.025
Joel Cetra,31,7,1.025
Takahiro Tomisawa (富沢隆広),17,3,1.025
Gabriel Sargeiro Gomes de Mello,28,5,1.025
Blake Thompson,84,16,1.025
Angel Arrioja Landa,19,7,1.025
Shonathon Collins,17,3,1.025
Jesús Jorge García López,11,2,1.025
Shun-Hsin Chang (張舜欣),59,10,1.025
Rok Glinšek,17,2,1.025
Lovisa Eriksson,26,3,1.025
Andrii Lushpak (Андрій Лушпак),12,1,1.025
Lucas Etter,12,1,1.025
Phillip Lewicki,57,13,1.025
Fabricio Andrés Yañez Terrazas,39,7,1.025
Ethan Rusnak,14,3,1.025
Philippe Virouleau,43,4,1.025
Dominik Pasztetnik,17,3,1.025
Francisco Alberto Castañeda Lima,13,4,1.025
Dominik Unijewski,20,4,1.025
Jayden McNeill,56,17,1.025
Marco Belotti,31,3,1.025
Antoine Cantin,67,12,1.025
Luca Stalpers,11,2,1.025
Vasile Dan,21,5,1.025
Muhammad Razin Bin Roslan,16,2,1.025
Amelia Zakrzewska,14,3,1.025
Renxin Tang (汤任欣),66,8,1.025
Sandro Mattenberger,13,4,1.025
Chengyang Song (宋成阳),13,2,1.025
Samuel Klingström,11,3,1.025
Tomáš Nguyen,16,1,1.025
Jacob Ambrose,94,18,1.025
Sean Moran,29,7,1.025
Bence Barát,156,20,1.025
Oscar Roth Andersen,133,19,1.025
Michał Wojcieszek,23,5,1.025
Artem Melikian (Артем Мелікян),27,4,1.025
Alexis Rodrigo Cazu Mendoza,39,5,1.025
Lorenzo Vigani Poli,87,14,1.025
Francisco José Campos Rocamora,13,2,1.025
Pedro Giuseppe Garcia Milla,16,3,1.025
Gabriel Santiago Velez Gonzalez,24,4,1.025
Nestor Sokhan,31,6,1.025
Sébastien Auroux,78,9,1.025
Marquez Phan,18,2,1.025
Brian Johnson,38,6,1.025
Jerich Lee (李再圆),13,6,1.025
Julien Gaboriaud,16,3,1.025
Jose Ortiz Jr.,13,2,1.025
Daniel Yakhkind (Даніель Яхкінд),25,4,1.025
Luke Burong,13,5,1.025
Katelyn Hinkley,13,2,1.026
Qingpo Niu (牛青坡),14,4,1.026
Fred Lang,20,3,1.026
David Vujasić,21,1,1.026
Nikita Malykhin (Никита Малыхин),12,4,1.026
Tiffany Chien,26,4,1.026
Abhijeet Ghodgaonkar,24,6,1.026
Aidan McKenzie,21,1,1.026
Patrycja Michalska,36,7,1.026
Will Cerne,11,3,1.026
Nobuaki Suga (菅信昭),19,2,1.026
Clément Cherblanc,102,15,1.026
Carlos Molina Alcolea,11,2,1.026
Luis Sinhue Medina Salas,29,3,1.026
Jasper Murray,16,1,1.026
Daniel Guardado Cabral,21,8,1.026
Rahul Venkatesan,21,2,1.026
Bartłomiej Krokos,16,1,1.026
Will Callan,43,9,1.026
Manuel Prieto de Antón,43,6,1.026
Michael Conard,15,2,1.026
Kamil Pawlak,17,5,1.026
Ujjawal Pabreja,38,7,1.026
Mads Mohr Christensen,12,2,1.026
Piotr Kogut,15,0,1.026
Myles Jarman,15,2,1.026
Nicolas Naing,32,4,1.026
Lauren Phung,38,6,1.026
Shu-Yii Luo (駱書翊),26,2,1.026
Jun Xia (夏骏),13,2,1.026
César Abraham Briones Arreola,17,2,1.026
Leo Guernion,15,3,1.026
Tim Reynolds,32,5,1.026
Wilson Alvis (陈智胜),22,2,1.026
Miguel Espelleta Pontón,12,4,1.026
Vladimir Korovin,19,2,1.026
Rui-Jun Liu (劉睿鈞),27,5,1.026
John Brechon,47,8,1.026
Raymond Goslow,56,6,1.026
Keaton Ellis,45,6,1.026
Arnaud van Galen,23,3,1.026
Zayn Khanani,38,5,1.026
Nathaniel Gee,13,1,1.026
Amos Nordman,56,6,1.026
Akash Rupela,66,11,1.026
Shih-Hao Wang (王士豪),14,1,1.026
Jesper Frisk,12,2,1.026
Nathan Dwyer,28,4,1.026
Ivan Lew Yi Wen (刘义文),60,7,1.026
Fabio Bini Graciose,111,19,1.026
Olivier Vos,27,6,1.026
Nicola Barbaro,21,6,1.026
Igor Ośmiałowski,16,4,1.026
Kacper Rafalski,36,8,1.026
Marcin Jakubowski,14,4,1.026
Jefferson Andres Durango Argaez,25,5,1.026
Roy Lee,83,16,1.026
Maksymilian Majcher,125,15,1.026
Tomohiro Kobayashi (小林知広),25,3,1.026
Toni Beljo,29,8,1.026
Will Gurnett,17,4,1.026
Mateusz Szulik,37,4,1.026
Aneurin Hunt,37,7,1.026
Andy Denney,65,15,1.026
Fredrik Trondhjem,35,5,1.026
Alwin Rölz,50,5,1.026
Farid Mikhailov,21,5,1.026
Allyson Dias de Lima,40,11,1.026
Mykhailo Lagoida (Михайло Лагойда),14,1,1.026
Zachary Garber,15,1,1.026
Ewsey Obzherin,13,1,1.026
Rafael Felipe Cordoba,18,3,1.026
Qi Zhou (周祺),24,2,1.026
Alrimar Dias Rocha Sobrinho,17,1,1.026
Zoé de Moffarts,100,11,1.026
Tommaso Raposio,18,4,1.026
Ishaan Lal,22,4,1.026
Noé Bourdon,30,2,1.026
Deniz Atak,26,2,1.026
Juan de Dios Noriega Sánchez,13,0,1.026
Oleksii Lukin (Олексій Лукін),21,6,1.026
Brady Metherall,30,3,1.026
Jacky Koo Chun Ki (顧俊祺),39,8,1.026
Liudi Sun (孙柳笛),12,4,1.027
Wojciech Fydrych,11,3,1.027
Michał Mlostek,54,8,1.027
Ernesto Gutiérrez Cuba,49,10,1.027
Jesser Armando Ramírez Diaz,20,5,1.027
Rodrigo Ugarte,56,13,1.027
Wong Chong Wen (黄崇文),44,4,1.027
Kamil Pomietło,25,3,1.027
Giovanni Contardi,33,4,1.027
Przemysław Rogalski,67,10,1.027
Cary Huang,22,7,1.027
Alexander Mutch,18,4,1.027
Antoine Isselin,20,5,1.027
Sean Cutshaw,13,1,1.027
Seung Hyuk Nahm (남승혁),18,3,1.027
Yinghao Wang (王鹰豪),28,5,1.027
Kevin Costello III,18,2,1.027
Yu-Hsuan Chang (張祐瑄),11,3,1.027
Linus Buck,11,5,1.027
Tomáš Zatroch,27,1,1.027
Daniel Pavelich,19,4,1.027
Jinseo Hong,13,3,1.027
Adam Chodyniecki,24,4,1.027
Daan Baartmans,23,4,1.027
Jiaxi Ye (叶佳希),19,2,1.027
Juan Angel Guillén,15,6,1.027
Daniel Gloppestad Bajer,25,2,1.027
Jan Zych,107,15,1.027
Alvar Nylén,11,2,1.027
Valentin Hoffmann,46,6,1.027
Reto Bubendorf,86,16,1.027
Jason White,30,4,1.027
Reinier Schippers,42,8,1.027
Nicolas Harper,25,5,1.027
Malte Ihlefeld,53,12,1.027
Timo Norrkniivilä,21,2,1.027
Matteo Dummar,13,1,1.027
Gael Augusto Lapeyre,23,3,1.027
Anthony Lafourcade,22,5,1.027
Zachary White,50,14,1.027
Piotr Kuchta,20,4,1.027
Stefan Stoiber,17,3,1.027
Akula Pavan Kumar,41,9,1.027
Timo Günthardt,11,1,1.027
Feliks Zemdegs,87,19,1.027
Jiashun Wu (吴嘉顺),14,4,1.027
Lee Chiang (蔣礪),13,4,1.027
Magdalena Pabisz,51,10,1.027
Sydney Weaver,18,2,1.027
Jiawei Wu (伍嘉维),20,2,1.027
Ivan Terekh,32,2,1.027
Scott McGowan,12,2,1.027
Miquéias Dantas dos Santos,11,1,1.027
Antonio López,25,5,1.027
Maximilian Deimel,26,4,1.027
Erik Akkersdijk,84,15,1.027
Justin Choi,13,0,1.027
Swaminathan Chandrasekaran,14,4,1.027
Sebastian Alanen,15,6,1.027
Edward Vakula,12,3,1.027
Thompson Clarke,38,10,1.027
John Gaynor,12,1,1.027
James Hildreth,66,13,1.027
Axel Brisse,23,4,1.027
Federico da Fonseca,26,3,1.027
Magnus Søndergaard Byrne,36,7,1.027
Manuel Guse,12,1,1.027
Laura Holzhauer,42,8,1.027
Luca Brasini,14,1,1.027
Dylan Hughlett,19,1,1.027
Pau Vela García,54,7,1.027
Alexander Olleta del Molino,80,16,1.027
Fanny Pousset,26,2,1.027
Mattia Furlan,35,6,1.027
Clay Moore,12,1,1.027
Leonid Palchenko (Леонід Пальченко),11,1,1.027
James Macdiarmid,82,13,1.027
Juan Pablo Huanqui,99,13,1.027
Arnav Arora,15,2,1.027
Jiyang Xu (徐继扬),21,3,1.027
Alexey Yarygin,31,8,1.028
Nikhil Soares,49,9,1.028
Derek Kong,13,1,1.028
Max Xiong (熊锐明),18,3,1.028
Vadym Hruden (Вадим Грудень),14,1,1.028
Hubert Firek,16,2,1.028
Joaquín Infante Medrano,17,5,1.028
Sameer Sethuram,13,3,1.028
Ishaan Bhattacharyya,11,2,1.028
Diego Alejandro Casas Jimenez,51,10,1.028
Javier López Fernández,25,1,1.028
Stanley Chapel,63,13,1.028
Étienne Aubry,12,2,1.028
Cormac Farrell,28,6,1.028
Brandon Nunez,19,3,1.028
Yu-Kai Chen (陳宇楷),30,1,1.028
Adrian Ismael Sirpa Pinto,28,4,1.028
Aniketh Arya,16,2,1.028
Soham Adarkar,12,0,1.028
Parker Trager,13,1,1.028
Marek Dąbrowski,12,2,1.028
Karol Piskorek,14,2,1.028
Daniel Greigg,17,2,1.028
Knut Skaug Haraldsen,14,4,1.028
Malte Oliver Bøgh Kjøller,19,3,1.028
Alessandro Nicolì,18,3,1.028
Tzu-Han Hung (洪梓菡),11,3,1.028
Riley Dexter,30,1,1.028
Magne Njå,13,3,1.028
Alexey Kislovskiy,12,1,1.028
Edward Hollingdale,11,0,1.028
Madhav Singh,17,1,1.028
Stephen Griggs,52,9,1.028
Hassan Khanani,35,5,1.028
Grigoriy Barashkin,12,3,1.028
Lorenzo Mauro,30,2,1.028
Szymon Brzana,16,1,1.028
Nicolás Irenco Peña Henríquez,16,3,1.028
Palaash Goel,15,3,1.028
Matthew Prestwich,20,1,1.028
Yifan Wang (王逸帆),12,3,1.028
Ethan Pan,13,2,1.028
Oscar Nieto,63,3,1.028
Abhi Gawande,29,3,1.028
Serhii Koksharov (Сергій Кокшаров),21,1,1.028
Michał Tomański,26,4,1.028
Patrick Hetco,23,3,1.028
Alan Goasdoue,13,1,1.028
Lukas Pohořelický,16,1,1.028
Elias Fischer,15,4,1.028
Yunqi Ouyang (欧阳韵奇),66,8,1.028
Dongyun Yin (殷冬昀),14,1,1.028
Miłosz Gdula,15,3,1.028
Melissa Su,12,1,1.028
Lasse Korbanka,16,4,1.028
Kim Jokinen,19,2,1.028
Hunor Bózsing,51,7,1.028
Dmitry Zvyagintsev,22,4,1.028
Nathaniel Berg,52,6,1.028
Liam Orovec,18,3,1.028
Taylor Cookmeyer,32,6,1.028
Fabio Schwandt,59,10,1.028
Vladislav Kaminskiy,30,7,1.028
Filip Miazek,41,6,1.028
José Leonardo Chaparro Prieto,88,12,1.028
Worapat Charoensuk (วรปรัชญ์ เจริญสุข),16,1,1.028
Alexander Springhorn,16,3,1.028
AJ Blair,22,4,1.028
Hideki Niina (新名秀樹),13,2,1.028
Rémi Esturoune,31,4,1.028
Rafał Waryszak,53,9,1.028
Semyon Terskov,22,5,1.028
Fabiano Pinheiro de Oliveira,21,2,1.028
Bhargav Narasimhan,66,12,1.028
Rafael Rodriguez Santana,17,5,1.028
Albin Sten,17,1,1.028
Dmitry Kryuzban,55,6,1.028
Michał Pleskowicz,58,7,1.029
Wojciech Szatanowski,59,8,1.029
Damiano Di Paola,14,1,1.029
Boxi Chen (陈博希),32,1,1.029
Mengfei Shen (沈梦非),14,2,1.029
Abdelhak Kaddour,24,3,1.029
Michael Chai (柴天方),36,5,1.029
Eki González García,16,1,1.029
Dylan Rene Centeno Chevez,14,1,1.029
Andrey Che,27,4,1.029
Fritz Löhr,15,2,1.029
Jan Bentlage,142,19,1.029
Ankit Gupta,20,5,1.029
Erwan Kohler,36,2,1.029
Daniel Jamrużka,12,3,1.029
Björn Korbanka,21,4,1.029
Vladyslav Zhydkov (Владислав Жидков),27,5,1.029
Igor Tarasov,58,5,1.029
Amir Murzakarimov (Амир Мурзакаримов),12,3,1.029
Tyler Robinson,32,3,1.029
Pedro Miranda Moreira,25,5,1.029
Tianlang Han (韩天朗),42,5,1.029
Luke Tycksen,46,7,1.029
Henry Savich,28,5,1.029
Jonathan Esparaz,24,3,1.029
Javier Gonzalez-Napoleoni,14,4,1.029
Chengxiang Cui (崔程翔),16,1,1.029
Corey Sakowski,73,15,1.029
Carl Emil Exner,17,1,1.029
Pranav Raaghav,19,2,1.029
Jorge Orrite,12,1,1.029
Martin Brath,20,1,1.029
Daniele Vanoli Hernández,18,2,1.029
Shao-Heng Hung (洪紹恆),37,4,1.029
Michael Andres Castillo Lemus,46,7,1.029
Laura Paola Gamboa Guzman,11,1,1.029
Dániel Varga,100,11,1.029
Helmer Ewert,44,5,1.029
Kunal Oak,15,1,1.029
Rodrigo Paz Vaca,34,4,1.029
Walker Welch,94,13,1.029
Benjamin Gottschalk,54,10,1.029
Jonathan Truchot,18,2,1.029
Govend Avgerinos Djangoi,26,2,1.029
Artur Kristof,78,2,1.029
Rodrigo Cabezas,22,3,1.029
Hector David Martinez Argaez,26,5,1.029
Harsha Paladugu,16,4,1.029
Maksym Oliynyk,11,2,1.029
Akihiro Ishida (石田朗大),17,3,1.029
Martin Fronescu,30,5,1.029
Joel Lundström,28,3,1.029
Diego Trujeque,25,3,1.029
Azhar Virani,22,7,1.029
Ritwik Pattnaik,13,5,1.029
Jakub Wolniewicz,27,5,1.029
Eason Siew Ee Son (蕭奕晨),42,9,1.029
Rubén Moreno Martinez,13,1,1.029
Linus Kunath,24,1,1.029
Tommy Szeliga,66,7,1.029
Marco Yang,15,2,1.029
Peter Weyers,11,1,1.029
Cyril Barigand,15,4,1.029
Artem Yashkov,25,4,1.029
Katie Hull,83,11,1.029
Linus Frész,63,10,1.029
Chenxiao He (何辰骁),32,3,1.029
Muhammad Saleh Imtiaz,32,6,1.029
Pavel Raschetov (Павел Расчетов),11,1,1.029
Urho Kinnunen,16,3,1.029
Ethan Pride,27,5,1.029
Dongzhe Li (李东哲),31,7,1.029
Jakob Obleser,12,1,1.029
Jacob Posner,11,2,1.029
Nipat Charoenpholphant (นิพัฒน์ เจริญพลพันธุ์),19,5,1.029
Hernán Levano Villalobos,21,4,1.03
Guido Dipietro,16,4,1.03
Tom Stanton-Barnett,27,4,1.03
Karol Zakrzewski,60,9,1.03
Jason Ostdiek,14,3,1.03
Raúl Low Beattie,14,1,1.03
Noah Pihlstrand,12,1,1.03
Daniel Wallin,128,15,1.03
Alexander Bashutkin,23,5,1.03
Lim Chun Yik,11,0,1.03
Mulun Yin (阴目仑),28,3,1.03
Sam Schultz,27,5,1.03
Mattheo de Wit,29,4,1.03
Angeline Wijaya (黃千儀),15,1,1.03
Pablo Say,30,6,1.03
Yu Tang (唐语),25,2,1.03
Eric Zhao,29,6,1.03
Grzegorz Szumigaj,23,4,1.03
Theo Mayer,47,6,1.03
Ryan Yasinko,16,1,1.03
Henri Gerber,53,9,1.03
Alex Asbery,36,5,1.03
Tommy Kiprillis,23,4,1.03
Kamil Zieliński,19,0,1.03
Luke Garrett,45,5,1.03
Timur Imanov,16,7,1.03
Leo Lindqvist,34,6,1.03
Yuchen Huang (黄禹尘),25,3,1.03
Sukant Koul,33,1,1.03
Dhruv Arora,22,1,1.03
Richard Jay S. Apagar,30,6,1.03
Yuhei Takagi (高木佑平),31,5,1.03
Graham Siggins,13,2,1.03
Daniel Vædele Egdal,89,12,1.03
Ricky Meiler,22,4,1.03
Nora Christ,32,1,1.03
Wojciech Knott,80,8,1.03
Felipe Medel,26,4,1.03
Eduardo Gutiérrez Cuba,33,4,1.03
Ilya Tsiareshka,47,7,1.03
Isaac Myers,17,3,1.03
Kyra Joiner,27,6,1.03
Manfred Siew Ee Sheng (蕭奕晟),21,3,1.03
Stanisław Dąbrowski,22,4,1.03
Nikita Kovalchuk (Нікіта Ковальчук),34,6,1.03
Tobias Peter,111,17,1.03
Felipe Rueda Hernández,34,3,1.03
Matic Omulec,85,14,1.03
Fabian Löhle,58,12,1.03
Kailong Li (李开隆),16,3,1.03
Johan Thuvesen,30,4,1.03
Max Siauw,54,8,1.03
Drew Brads,19,3,1.03
Mikhail Andreev,15,2,1.03
Michael Young,33,6,1.03
Dennis Rosero,46,9,1.03
Krish Shah-Nathwani,31,3,1.03
Dan Cohen,19,2,1.03
Juan David Carmona Vásquez,19,3,1.03
Weixing Zhang (张炜星),11,4,1.03
Choi Goho (최고호),24,5,1.03
Jorge Martín Espinosa,14,0,1.03
Isaac Langer,26,1,1.03
Matěj Grohmann,31,6,1.03
Alberto Pérez de Rada Fiol,58,7,1.03
Silas Starling,21,1,1.03
Ryo Ito (伊藤崚),14,1,1.03
Oliver Fritz,41,7,1.03
Raúl Martínez Redondo,21,1,1.03
Sophie Chan,15,0,1.03
Michael Röhrer,65,9,1.03
Ricardo Olea Catalán,15,1,1.03
Yu Da-Hyun (유다현),12,0,1.031
Xingkai Yin (尹星凯),34,3,1.031
Anton Smolyanyy,20,1,1.031
Daniel Wannamaker,30,7,1.031
Masayuki Hirai (平井雅之),25,1,1.031
Nicolás Lasso Peña,14,1,1.031
Amelie Dieterich,42,5,1.031
Ciarán Beahan,46,6,1.031
Akshaansh Chilakapati,15,3,1.031
Marco Rota,68,9,1.031
Nick Rech,30,1,1.031
Wilfrid Py,50,12,1.031
Ping-Yueh Huang (黃品越),56,10,1.031
Jonathan Tilahun,12,1,1.031
Andres Arias Medina,16,5,1.031
Pranav Prabhu,21,2,1.031
Viktor Kalmar,35,9,1.031
Andreas Gröbmayr,16,1,1.031
Théo Paris,14,3,1.031
Louis Fertier,17,2,1.031
Rūdolfs Vīnkalns,26,5,1.031
Finn Trass,19,3,1.031
Tyler Howlett,26,3,1.031
Tymon Kolasiński,15,2,1.031
Zhongyu Zheng (郑仲宇),14,3,1.031
Jedrick Remonde,11,2,1.031
Pietro Gasparetto,11,1,1.031
Arttu Puttonen,22,4,1.031
Oleksandr Seniuk (Олександр Сенюк),30,2,1.031
James Quinn,28,5,1.031
Nevins Chan Pak Hoong (陈百鸿),19,2,1.031
Mateusz Śliż,34,2,1.031
Nox Clémenceau,36,3,1.031
Erik Bryland,13,3,1.031
Rusty Louis Domingo,24,1,1.031
Turcanu Vlad,19,2,1.031
Bernard Solomon,19,2,1.031
Joseph Briggs,13,3,1.031
Dante Wallin Arvidsson,12,1,1.031
Jason Harley,20,4,1.031
Cel Adriane Lalo,14,3,1.031
Patrick Ponce,51,9,1.031
Krzysztof Żerucha,20,4,1.031
Ernest Seroczyński,30,6,1.031
Hubert Hanusiak,16,3,1.031
Kit Clement,58,13,1.031
Andy Gong,17,1,1.031
Jared Stinson,46,10,1.031
Jakub Grzybowski,14,1,1.031
Yulun Wu (吴宇伦),26,1,1.031
Nathan Soria,16,2,1.031
Edbert Sim,15,1,1.031
Marcus Moberg,17,5,1.031
Morten Arborg,13,0,1.031
Mark Boyanowski,47,3,1.031
Ekaterina Soboleva (Екатерина Соболева),11,1,1.031
João Pedro dos Santos Costa,16,1,1.031
Cristian Huamaní,21,2,1.031
Michał Krasowski,64,7,1.031
Ryan Jew,56,7,1.031
Łukasz Dubicki,16,2,1.031
Joe Ewbank,21,3,1.031
Sheng Cao (曹晟),43,3,1.031
Vilius Ribinskas,30,4,1.031
Braden Richards,15,2,1.031
Ilya Nazarov,19,3,1.031
Lev Maslov,12,1,1.031
William Klauer,15,2,1.031
Yibo Wang (王奕博),18,4,1.031
Weijie Fang (方伟杰),20,0,1.031
Christian König,23,5,1.031
Raphael Riener,13,3,1.031
Alexey Zharikov,29,3,1.031
Bill Hammill,39,10,1.031
Lang Yuan (袁朗),11,3,1.031
Leopoldo Andrés Ibarra Fuentes,40,2,1.032
Qingwei Kong (孔庆玮),13,2,1.032
Elvin Thorsen,40,9,1.032
Zijia Feng (冯子甲),20,3,1.032
Marcin Stachura,46,7,1.032
Alexei Sinyavin,33,7,1.032
José Antonio Navarro Sánchez,40,6,1.032
Sean Hartman,36,5,1.032
Ibai Tobar Argaiz,13,1,1.032
Callum McArthur-Mortell,17,2,1.032
Ethan Dennis,15,4,1.032
Derek White,12,0,1.032
Hector Chinchay,12,1,1.032
Kim Roger Høyland Larsen,14,4,1.032
Eva Kato,34,6,1.032
Alejandro Riveiro Rodríguez,14,2,1.032
Diego Brizuela Crespo,11,4,1.032
Łukasz Burliga,97,12,1.032
Pedro Roque,30,4,1.032
Manuel Bühler,51,6,1.032
DongSoo Park (박동수),17,1,1.032
Kostiantyn Stadnyk (Костянтин Стадник),11,4,1.032
Paweł Duraj,20,1,1.032
Catherine Trace,30,5,1.032
Manuel Ernesto Torres Vega,13,3,1.032
Jakub Kipa,37,5,1.032
Fernando José Muchuch Chavez,20,2,1.032
Asher Kim-Magierek,27,4,1.032
Mihai Căpăţinescu,33,3,1.032
Daniel Antonio Garcia Montenegro,11,3,1.032
Achmad Rizki Zakaria,20,3,1.032
Javier Tovar Castro,18,3,1.032
Ryan Jones,12,0,1.032
Tiannan Wang (王天南),16,2,1.032
Gabriel Barrios,24,3,1.032
Nicolás Sánchez,28,3,1.032
Cezary Mach,14,3,1.032
Tanai Chaikraveephand (ธนัย ชัยกระวีพันธ์),19,4,1.032
Xinyun Chen (陈新运),28,1,1.032
Thomas Kohann,11,1,1.032
James Molloy,100,13,1.032
Joshua Hounslow,17,1,1.032
Martin Vædele Egdal,91,16,1.032
Nikhil Mande,12,1,1.032
Callum Hales-Jepp,119,14,1.032
Diego Alfonso,23,4,1.032
Zhao Wang (王钊),11,3,1.032
Lucas Nieuwland,14,2,1.032
Peter Grassard,22,6,1.032
Zeke Mackay,22,4,1.032
Jun-Rui Rao (饒峻睿),12,2,1.032
János Bereczki,42,2,1.032
Piero Alessandro Laguna Obregon,35,4,1.032
Kevin Gerhardt,53,8,1.032
Anish Rajesh,33,5,1.032
Damir Zhanataev (Дамир Жанатаев),16,3,1.032
Siew Hann Wen (蕭漢文),20,2,1.032
Owen Widdis,39,3,1.032
László Mészáros,13,1,1.032
Jonathan Mauroy,20,1,1.032
Mihnea Andrei Panţu,20,4,1.032
Kanting Shi (史勘霆),13,1,1.032
Sebastian Werb,16,3,1.032
Mauro Moises López,20,1,1.032
Alan Ma,20,1,1.032
Yunliang Zhang (张赟量),53,6,1.032
Carter Kucala,59,5,1.032
Ting Sheng Bao Yang,45,3,1.032
Yi Wang (王旖),63,10,1.032
Joonas Silvennoinen,55,3,1.032
Leow Yi Jun (廖艺畯),35,2,1.032
Hippolyte Moreau,79,15,1.032
Akula Sai Kumar,25,4,1.032
Katie Davies,40,2,1.032
George Scholey,25,2,1.032
Alessio Giuliano,20,3,1.033
Mats Valk,66,6,1.033
Bruno Lezama,16,1,1.033
Hargun Singh Tikku,25,2,1.033
Daniel Waldo,13,2,1.033
Laura Mellier,30,4,1.033
Alexis Fedeler,12,0,1.033
Fandy Ramadhan Ganefianto,14,1,1.033
Lining Wang (王立宁),11,3,1.033
Andrew Karbusicky,11,1,1.033
Gergely Novotni,15,2,1.033
Daniel Karnaukh,49,7,1.033
Alexander Vujcich,22,4,1.033
Bruno Fonsêca Coelho Lima,24,3,1.033
Anatoly Kim,27,3,1.033
Ernest Eh Zhong Yu,11,1,1.033
Christian Goñi,17,3,1.033
Ivan Zabrodin,46,5,1.033
Luca Rizzi,19,3,1.033
Antonio Gabriel Freitas da Silva,15,2,1.033
Zhiyuan Ma (马之元),20,2,1.033
Rafael Werneck Cinoto,66,9,1.033
Karam Al-Robaie,15,2,1.033
Louis Cormier,50,5,1.033
Fedor Abaev,15,3,1.033
Kyle Van Straaten,17,1,1.033
Vojtěch Kundera,25,2,1.033
Lev Golub (Лев Голуб),55,4,1.033
Elian Beguec,27,2,1.033
Arkadiusz Żynel,28,2,1.033
John Edison Ubaldo (ᜇ᜔ᜌᜓ︀ᜈ᜔ ᜁᜇᜒᜐᜓ︀ᜈ᜔ ᜂᜊᜎ᜔ᜇᜓ︀),38,5,1.033
Ainesh Sevellaraja,36,5,1.033
Hannah Minas,39,7,1.033
Michał Halczuk,135,13,1.033
Luigi Soriano,36,4,1.033
Shivam Bansal,47,4,1.033
Steven Wintringham,15,1,1.033
Alexander Karlov,11,1,1.033
Bhavik Nitin Soneji,13,2,1.033
Mingzhi Da (达明志),13,2,1.033
John Bacouël,15,2,1.033
Dylan Miller,41,4,1.033
Tristan Jansen,12,4,1.033
David Vos,16,2,1.033
Juan Camilo Vargas,23,3,1.033
Marcos Masini,15,4,1.033
Ray Bai,31,3,1.033
Vegard Seim Karstang,11,0,1.033
Márton Vancsa,25,4,1.033
Dmitry Dergunov,30,6,1.033
Clyde Dencer Tutor,12,3,1.033
Ramón Dersch,11,2,1.033
Marek Majerik,23,2,1.033
Dominik Fürer,22,2,1.033
Lucía Pascual Muñoz,15,2,1.033
AJ Kamal,49,6,1.033
Kalina Brzezińska,50,5,1.033
Chia-Liang Tai (戴嘉良),18,1,1.033
Alejandro Marze Rossel,14,5,1.033
Patrick Kern,19,1,1.033
Dominic Lumsden,22,4,1.033
Sei Sugama (洲鎌星),16,3,1.033
Tonia Kwaśniewska,26,0,1.033
Mitchell Hum,25,5,1.033
Jure Gregorc,37,5,1.033
Adithyaa Anand,30,5,1.033
Manuel Gutman,20,2,1.033
Ronan Felipe Jorge,60,11,1.033
James Donahue,13,2,1.033
Francisco Hamlin,32,3,1.033
Gabriel Bergue Campos Borges,23,2,1.033
Mikus Lembergs,14,5,1.033
Marvin Llaneta,14,2,1.033
Bautista Bonazzola,32,3,1.033
Junze Zhao (赵俊泽),28,2,1.033
Sofiya Bondarenko,15,1,1.034
Joaquin Abarca,17,4,1.034
Sebastian Weyer,29,5,1.034
Michael Nielsen,19,2,1.034
James Holdsworth,19,3,1.034
Volodymyr Korol (Володимир Король),22,1,1.034
Cory Yurkovic,22,2,1.034
Eli Parker,21,0,1.034
Rasmus Hagnäs,18,2,1.034
Islam Kitiev,15,1,1.034
Maxim Ilin,32,2,1.034
Andrey Kolevatykh (Андрей Колеватых),19,2,1.034
Timothy Castle,29,3,1.034
Piotr Olszewski,35,5,1.034
Lennon Hughes,13,1,1.034
Tripp Peters,20,4,1.034
Aleksandr Beznogov,35,3,1.034
Ben Baron,12,0,1.034
Julian Sico,11,3,1.034
Rémi Perrin,13,1,1.034
Remo Pihel,13,2,1.034
Ryan Pilat,19,4,1.034
Bálint Bodor,21,3,1.034
Eduard Esteban García Domínguez,98,15,1.034
Milán Baticz,28,0,1.034
Stephen Waller,20,1,1.034
Fung Hoi Yin (馮凱賢),16,2,1.034
Peter Preston,17,2,1.034
Ben Yu,13,0,1.034
Shuhei Omura (大村周平),23,4,1.034
Ruohan Qiu (邱若寒),15,4,1.034
Juho Arjanne,37,6,1.034
Deepshika Narasimhan,11,2,1.034
Moez Boussarsar,16,3,1.034
Zhifang Xi (席之枋),17,0,1.034
Aryan Kejriwal,18,2,1.034
Linus Laurén,46,7,1.034
Micha Zahnd,15,2,1.034
Keenan Johnson,19,3,1.034
Xiaoxue Zhou (周晓学),12,1,1.034
Ishaan Nimish Hadkar,12,2,1.034
Livia Kleiner,48,10,1.034
Mayron Blain,11,1,1.034
Joseph Daniel Blas Sanchez,48,8,1.034
Karl Taagaard Hansen,19,6,1.034
Conor Cronin,16,2,1.034
Hao Zhang (张昊),11,0,1.034
Samuel Simko,12,2,1.034
Sarah Cook,30,2,1.034
Jakob Gunnarsson,55,5,1.034
Ansh Iyer,13,1,1.034
Alejandro Nicolay,15,1,1.034
Carlos Javier Roque García,14,0,1.034
